,Video title,Video publish time,Comments added,Shares,Likes,Views,Watch time (hours),Subscribers,Impressions,Impressions click-through rate (%),Engagement,year,month,day,dayofweek,subscribers_lag_1,subscribers_lag_2,subscribers_lag_3,subscribers_lag_4,subscribers_lag_5,subscribers_lag_6,subscribers_lag_7,views_lag_1,views_lag_2,views_lag_3,views_lag_4,views_lag_5,views_lag_6,views_lag_7,subscribers_rolling_mean_7,views_rolling_mean_7
1,Meet the BAD demoman,2018-06-15,43,33,810,24497,442.8763,40,214699,9.26,886,2018.0,6.0,15.0,4.0,1.0726495726495726,1.0772532188841202,1.081896551724138,1.0865800865800865,1.0913043478260869,1.0960698689956332,1.0964912280701755,437.4102564102564,439.21888412017165,441.0560344827586,442.75757575757575,444.6347826086957,446.4279475982533,447.67105263157896,0.8172177167810357,329.6793512164692
2,Toxicity in TF2,2018-06-27,32,3,209,5305,285.728,20,44848,8.83,244,2018.0,6.0,27.0,2.0,40.0,1.0772532188841202,1.081896551724138,1.0865800865800865,1.0913043478260869,1.0960698689956332,1.0964912280701755,24497.0,439.21888412017165,441.0560344827586,442.75757575757575,444.6347826086957,446.4279475982533,447.67105263157896,0.8172177167810357,329.6793512164692
3,1 life 32 kills - Road to Godlike Episode 3,2016-09-08,27,0,3,73,1.5601,0,212,16.04,30,2016.0,9.0,8.0,3.0,20.0,40.0,1.081896551724138,1.0865800865800865,1.0913043478260869,1.0960698689956332,1.0964912280701755,5305.0,24497.0,441.0560344827586,442.75757575757575,444.6347826086957,446.4279475982533,447.67105263157896,0.8172177167810357,329.6793512164692
4,{ TF2 } DKD destroys a trash talker #5,2018-01-28,19,2,110,4456,125.041,33,46677,7.48,131,2018.0,1.0,28.0,6.0,0.0,20.0,40.0,1.0865800865800865,1.0913043478260869,1.0960698689956332,1.0964912280701755,73.0,5305.0,24497.0,442.75757575757575,444.6347826086957,446.4279475982533,447.67105263157896,0.8172177167810357,329.6793512164692
5,Back From the dead,2019-07-02,16,2,8,164,2.4715,1,1371,8.32,26,2019.0,7.0,2.0,1.0,33.0,0.0,20.0,40.0,1.0913043478260869,1.0960698689956332,1.0964912280701755,4456.0,73.0,5305.0,24497.0,444.6347826086957,446.4279475982533,447.67105263157896,0.8172177167810357,329.6793512164692
6,DKD destroys trash talkers #7,2018-07-23,10,1,23,496,26.4604,6,3612,7.03,34,2018.0,7.0,23.0,0.0,1.0,33.0,0.0,20.0,40.0,1.0960698689956332,1.0964912280701755,164.0,4456.0,73.0,5305.0,24497.0,446.4279475982533,447.67105263157896,0.8172177167810357,329.6793512164692
7,How to download Sony Vegas Pro 13 ( Free full version ),2015-12-19,10,2,16,435,7.3924,3,1706,3.52,28,2015.0,12.0,19.0,5.0,6.0,1.0,33.0,0.0,20.0,40.0,1.0964912280701755,496.0,164.0,4456.0,73.0,5305.0,24497.0,447.67105263157896,14.714285714285714,5060.857142857143
8,{TF2} Tank Exploit,2017-06-11,10,0,10,645,12.6777,0,1040,6.73,20,2017.0,6.0,11.0,6.0,3.0,6.0,1.0,33.0,0.0,20.0,40.0,435.0,496.0,164.0,4456.0,73.0,5305.0,24497.0,9.0,1653.4285714285713
9,THE HUO-LONG STREAKER // Road to Godlike Episode 4,2016-09-25,9,0,2,38,0.2687,0,240,3.33,11,2016.0,9.0,25.0,6.0,0.0,3.0,6.0,1.0,33.0,0.0,20.0,645.0,435.0,496.0,164.0,4456.0,73.0,5305.0,6.142857142857143,901.0
10,{ TF2 } I'm a hacker :o,2017-01-08,8,0,3,177,2.3497,0,303,7.59,11,2017.0,1.0,8.0,6.0,0.0,0.0,3.0,6.0,1.0,33.0,0.0,38.0,645.0,435.0,496.0,164.0,4456.0,73.0,6.142857142857143,915.8571428571429
11,{TF2} DKD destroys a trash talker,2016-06-09,8,0,40,2245,72.4057,9,8649,15.1,48,2016.0,6.0,9.0,3.0,0.0,0.0,0.0,3.0,6.0,1.0,33.0,177.0,38.0,645.0,435.0,496.0,164.0,4456.0,2.7142857142857144,600.0
12,{TF2} The Soldier Song,2017-06-16,7,10,124,4593,94.9035,10,36752,7.14,141,2017.0,6.0,16.0,4.0,9.0,0.0,0.0,0.0,3.0,6.0,1.0,2245.0,177.0,38.0,645.0,435.0,496.0,164.0,4.0,1232.7142857142858
13,POOTIS POW { YTPMV },2016-08-17,7,10,20,945,8.4114,1,4392,9.22,37,2016.0,8.0,17.0,2.0,10.0,9.0,0.0,0.0,0.0,3.0,6.0,4593.0,2245.0,177.0,38.0,645.0,435.0,496.0,3.2857142857142856,1296.857142857143
14,LET ME HEAR YOU SAY AAAAHHHHHHH!!!!!,2015-10-24,7,66,110,6645,9.6063,6,57028,6.51,183,2015.0,10.0,24.0,5.0,1.0,10.0,9.0,0.0,0.0,0.0,3.0,945.0,4593.0,2245.0,177.0,38.0,645.0,435.0,3.7142857142857144,2184.0
15,{TF2} Yeti Spagetti,2017-10-29,7,5,7,134,3.0713,0,1076,4.28,19,2017.0,10.0,29.0,6.0,6.0,1.0,10.0,9.0,0.0,0.0,0.0,6645.0,945.0,4593.0,2245.0,177.0,38.0,645.0,3.7142857142857144,2111.0
16,Just TF2 moments I,2017-06-06,7,0,11,189,5.4568,1,250,3.6,18,2017.0,6.0,6.0,1.0,0.0,6.0,1.0,10.0,9.0,0.0,0.0,134.0,6645.0,945.0,4593.0,2245.0,177.0,38.0,3.857142857142857,2132.5714285714284
17,[TF2] - Playing Pyro Is Hard #shorts,2023-05-22,6,1,19,1683,6.5529,3,245,1.22,26,2023.0,5.0,22.0,0.0,1.0,0.0,6.0,1.0,10.0,9.0,0.0,189.0,134.0,6645.0,945.0,4593.0,2245.0,177.0,4.285714285714286,2347.714285714286
18,ETF2L Season 27 ( Open Division ) Pain Killers vs Zip n Dip,2017-06-23,6,0,5,76,1.9151,0,429,4.2,11,2017.0,6.0,23.0,4.0,3.0,1.0,0.0,6.0,1.0,10.0,9.0,1683.0,189.0,134.0,6645.0,945.0,4593.0,2245.0,3.0,2037.857142857143
19,{ TF2 } DKD destroys a trash talker #3,2016-12-30,6,0,18,1195,35.7812,9,5662,11.78,24,2016.0,12.0,30.0,4.0,0.0,3.0,1.0,0.0,6.0,1.0,10.0,76.0,1683.0,189.0,134.0,6645.0,945.0,4593.0,2.857142857142857,1552.4285714285713
20,[TF2]  -Rep for being Muslim Egyptian,2018-09-12,6,0,18,246,4.2883,3,1862,10.31,24,2018.0,9.0,12.0,2.0,9.0,0.0,3.0,1.0,0.0,6.0,1.0,1195.0,76.0,1683.0,189.0,134.0,6645.0,945.0,3.142857142857143,1452.5714285714287
21,{TF2} DKD destroys a trash talker #4,2017-05-25,6,1,19,735,26.6013,1,3895,9.73,26,2017.0,5.0,25.0,3.0,3.0,9.0,0.0,3.0,1.0,0.0,6.0,246.0,1195.0,76.0,1683.0,189.0,134.0,6645.0,2.4285714285714284,608.2857142857143
22,{ TF2 } U want SuM PicAxE,2017-04-11,6,0,5,77,0.4689,0,258,5.43,11,2017.0,4.0,11.0,1.0,1.0,3.0,9.0,0.0,3.0,1.0,0.0,735.0,246.0,1195.0,76.0,1683.0,189.0,134.0,2.4285714285714284,600.1428571428571
23,{ TF2 } DKD destroys a hacker #3,2017-09-15,6,1,15,331,10.332,1,1323,5.9,22,2017.0,9.0,15.0,4.0,0.0,1.0,3.0,9.0,0.0,3.0,1.0,77.0,735.0,246.0,1195.0,76.0,1683.0,189.0,2.4285714285714284,620.4285714285714
24,Team Fortress 2 Gameplay,2015-08-24,6,1,4,48,0.5739,1,103,9.71,11,2015.0,8.0,24.0,0.0,1.0,0.0,1.0,3.0,9.0,0.0,3.0,331.0,77.0,735.0,246.0,1195.0,76.0,1683.0,2.142857142857143,386.85714285714283
25,DKD destroys a trash talker #6,2018-06-02,6,1,7,156,4.4104,1,1069,6.64,14,2018.0,6.0,2.0,5.0,1.0,1.0,0.0,1.0,3.0,9.0,0.0,48.0,331.0,77.0,735.0,246.0,1195.0,76.0,2.2857142857142856,398.2857142857143
26,{TF2} Camping is fun,2017-07-23,5,0,5,103,2.086,0,322,1.55,10,2017.0,7.0,23.0,6.0,1.0,1.0,1.0,0.0,1.0,3.0,9.0,156.0,48.0,331.0,77.0,735.0,246.0,1195.0,1.0,242.28571428571428
27,SKIBIDI BOP MM DADA #shorts,2020-12-20,5,2,6,177,0.3973,1,2118,4.15,13,2020.0,12.0,20.0,6.0,0.0,1.0,1.0,1.0,0.0,1.0,3.0,103.0,156.0,48.0,331.0,77.0,735.0,246.0,0.7142857142857143,232.42857142857142
28,Shitty youtuber plays shitty games { Episode #1 },2017-08-13,5,0,4,58,1.0789,0,251,0.8,9,2017.0,8.0,13.0,6.0,1.0,0.0,1.0,1.0,1.0,0.0,1.0,177.0,103.0,156.0,48.0,331.0,77.0,735.0,0.5714285714285714,135.71428571428572
29,The rise of the Pauls but it's google translated,2017-07-05,5,0,5,493,7.1959,0,4349,2.99,10,2017.0,7.0,5.0,2.0,0.0,1.0,0.0,1.0,1.0,1.0,0.0,58.0,177.0,103.0,156.0,48.0,331.0,77.0,0.5714285714285714,195.14285714285714
30,{ TF2 } DKD destroys a hacker #2,2017-07-03,5,0,6,189,5.8331,0,646,6.66,11,2017.0,7.0,3.0,0.0,0.0,0.0,1.0,0.0,1.0,1.0,1.0,493.0,58.0,177.0,103.0,156.0,48.0,331.0,0.42857142857142855,174.85714285714286
31,*Gamer noises*,2020-07-15,5,7,15,344,0.6768,0,1312,14.94,27,2020.0,7.0,15.0,2.0,0.0,0.0,0.0,1.0,0.0,1.0,1.0,189.0,493.0,58.0,177.0,103.0,156.0,48.0,0.2857142857142857,217.14285714285714
32,DKD Destroys a Hacker - BOT Edition [200 SUB SPECIAL],2021-07-30,4,3,12,87,2.793,4,1017,4.52,19,2021.0,7.0,30.0,4.0,0.0,0.0,0.0,0.0,1.0,0.0,1.0,344.0,189.0,493.0,58.0,177.0,103.0,156.0,0.7142857142857143,207.28571428571428
33,Ay b0$$,2018-03-10,4,6,8,310,1.6905,2,4324,2.34,18,2018.0,3.0,10.0,5.0,4.0,0.0,0.0,0.0,0.0,1.0,0.0,87.0,344.0,189.0,493.0,58.0,177.0,103.0,1.0,236.85714285714286
34,{TF2} DKD destroys a trash talker #2,2016-06-23,4,0,23,934,34.2002,2,4688,9.73,27,2016.0,6.0,23.0,3.0,2.0,4.0,0.0,0.0,0.0,0.0,1.0,310.0,87.0,344.0,189.0,493.0,58.0,177.0,1.1428571428571428,345.0
35,THIS GAME IS BEYOND CREEPY // NOMED,2017-07-15,4,0,3,32,1.0365,0,1036,0.58,7,2017.0,7.0,15.0,5.0,2.0,2.0,4.0,0.0,0.0,0.0,0.0,934.0,310.0,87.0,344.0,189.0,493.0,58.0,1.1428571428571428,341.2857142857143
36,Just TF2 moments V,2018-07-08,4,0,8,132,4.8289,2,644,4.19,12,2018.0,7.0,8.0,6.0,0.0,2.0,2.0,4.0,0.0,0.0,0.0,32.0,934.0,310.0,87.0,344.0,189.0,493.0,1.4285714285714286,289.7142857142857
37,(╭☞❍Ѡ❍)╭☞ Miku-Chan in the thumbnail,2017-07-13,4,1,5,135,2.8389,0,335,2.69,10,2017.0,7.0,13.0,3.0,2.0,0.0,2.0,2.0,4.0,0.0,0.0,132.0,32.0,934.0,310.0,87.0,344.0,189.0,1.4285714285714286,282.0
38,Just TF2 moments  III,2018-01-15,4,2,5,81,2.8728,0,957,3.76,11,2018.0,1.0,15.0,0.0,0.0,2.0,0.0,2.0,2.0,4.0,0.0,135.0,132.0,32.0,934.0,310.0,87.0,344.0,1.4285714285714286,244.42857142857142
39,The Malus Soldier awaits........,2017-06-26,4,0,2,41,0.4546,0,202,0.0,6,2017.0,6.0,26.0,0.0,0.0,0.0,2.0,0.0,2.0,2.0,4.0,81.0,135.0,132.0,32.0,934.0,310.0,87.0,0.8571428571428571,237.85714285714286
40,{TF2} Two Ordinary Texans,2020-07-11,4,10,21,205,5.5552,4,1660,4.94,35,2020.0,7.0,11.0,5.0,0.0,0.0,0.0,2.0,0.0,2.0,2.0,41.0,81.0,135.0,132.0,32.0,934.0,310.0,1.1428571428571428,222.85714285714286
41,Just Relaxing by DKD,2017-07-08,4,1,5,75,0.9475,0,201,1.0,10,2017.0,7.0,8.0,5.0,4.0,0.0,0.0,0.0,2.0,0.0,2.0,205.0,41.0,81.0,135.0,132.0,32.0,934.0,0.8571428571428571,100.14285714285714
42,The Return of the Malus Soldier {Trailer},2017-08-03,4,1,7,98,1.3395,0,420,0.71,12,2017.0,8.0,3.0,3.0,0.0,4.0,0.0,0.0,0.0,2.0,0.0,75.0,205.0,41.0,81.0,135.0,132.0,32.0,0.8571428571428571,109.57142857142857
43,Stop pressing E {TF2 Voice chat},2017-08-17,4,2,7,394,6.4052,1,2552,7.56,13,2017.0,8.0,17.0,3.0,0.0,0.0,4.0,0.0,0.0,0.0,2.0,98.0,75.0,205.0,41.0,81.0,135.0,132.0,0.7142857142857143,147.0
44,SeAl DoGgO - EGG ( Official meme video ),2017-08-25,4,24,36,1254,12.77,3,16248,3.3,64,2017.0,8.0,25.0,4.0,1.0,0.0,0.0,4.0,0.0,0.0,0.0,394.0,98.0,75.0,205.0,41.0,81.0,135.0,1.1428571428571428,306.85714285714283
45,{ TF2 } DKD and Valdus VS Saxton Hale #2,2017-07-10,4,0,3,43,1.4263,0,262,0.0,7,2017.0,7.0,10.0,0.0,3.0,1.0,0.0,0.0,4.0,0.0,0.0,1254.0,394.0,98.0,75.0,205.0,41.0,81.0,1.1428571428571428,301.42857142857144
46,well..........,2017-07-18,4,0,2,34,0.2682,0,159,1.26,6,2017.0,7.0,18.0,1.0,0.0,3.0,1.0,0.0,0.0,4.0,0.0,43.0,1254.0,394.0,98.0,75.0,205.0,41.0,1.1428571428571428,300.42857142857144
47,Battlefield montage  [YazzYoussef],2018-09-01,3,1,5,36,0.3598,2,565,1.59,9,2018.0,9.0,1.0,5.0,0.0,0.0,3.0,1.0,0.0,0.0,4.0,34.0,43.0,1254.0,394.0,98.0,75.0,205.0,0.8571428571428571,276.2857142857143
48,What happened to 2fort.......,2018-07-14,3,3,11,236,6.2961,1,773,6.08,17,2018.0,7.0,14.0,5.0,2.0,0.0,0.0,3.0,1.0,0.0,0.0,36.0,34.0,43.0,1254.0,394.0,98.0,75.0,1.0,299.2857142857143
49,I'm back bois,2018-05-19,3,0,7,39,0.6827,0,1143,1.22,10,2018.0,5.0,19.0,5.0,1.0,2.0,0.0,0.0,3.0,1.0,0.0,236.0,36.0,34.0,43.0,1254.0,394.0,98.0,1.0,290.85714285714283
50,#TF2 #Podcast PainKillers Podcast #2,2020-01-08,3,1,4,43,0.3766,0,886,2.82,8,2020.0,1.0,8.0,2.0,0.0,1.0,2.0,0.0,0.0,3.0,1.0,39.0,236.0,36.0,34.0,43.0,1254.0,394.0,0.8571428571428571,240.71428571428572
51,Der Sahyoon's Face [A Parody of Der Fuhrer's Face] #freepalestine,2024-03-09,3,2,0,21,0.3274,0,1138,0.62,5,2024.0,3.0,9.0,5.0,0.0,0.0,1.0,2.0,0.0,0.0,3.0,43.0,39.0,236.0,36.0,34.0,43.0,1254.0,0.42857142857142855,64.57142857142857
52,[TF2] Heavy with a massive PP,2022-12-29,3,4,6,142,1.8745,1,5008,2.18,13,2022.0,12.0,29.0,3.0,0.0,0.0,0.0,1.0,2.0,0.0,0.0,21.0,43.0,39.0,236.0,36.0,34.0,43.0,0.5714285714285714,78.71428571428571
53,{ TF2 } How to piss someone off,2017-03-16,3,1,7,207,2.1658,0,1185,4.89,11,2017.0,3.0,16.0,3.0,1.0,0.0,0.0,0.0,1.0,2.0,0.0,142.0,21.0,43.0,39.0,236.0,36.0,34.0,0.5714285714285714,103.42857142857143
54,{ TF2 } Another montage but with unfitting music...,2017-01-13,3,0,6,134,3.1545,1,944,2.86,9,2017.0,1.0,13.0,4.0,0.0,1.0,0.0,0.0,0.0,1.0,2.0,207.0,142.0,21.0,43.0,39.0,236.0,36.0,0.42857142857142855,117.42857142857143
55,{TF2} What do you want from me ?!!!!,2017-07-21,3,1,4,29,0.2906,0,182,1.65,8,2017.0,7.0,21.0,4.0,1.0,0.0,1.0,0.0,0.0,0.0,1.0,134.0,207.0,142.0,21.0,43.0,39.0,236.0,0.2857142857142857,87.85714285714286
56,{TF2} Sniper VS Sniper // DKD destroys a hacker,2016-08-26,3,0,10,245,7.0704,2,776,6.7,13,2016.0,8.0,26.0,4.0,0.0,1.0,0.0,1.0,0.0,0.0,0.0,29.0,134.0,207.0,142.0,21.0,43.0,39.0,0.5714285714285714,117.28571428571429
57,{TF2} DKD and Valdus VS Saxton Hale #3,2017-08-08,3,0,2,50,0.7928,0,310,1.94,5,2017.0,8.0,8.0,1.0,2.0,0.0,1.0,0.0,1.0,0.0,0.0,245.0,29.0,134.0,207.0,142.0,21.0,43.0,0.5714285714285714,118.28571428571429
58,I Didn't Know Heizou Swings That Way | Genshin Impact #shorts #genshinimpact #funny,2023-07-01,3,8,107,2231,9.7803,3,704,4.69,118,2023.0,7.0,1.0,5.0,0.0,2.0,0.0,1.0,0.0,1.0,0.0,50.0,245.0,29.0,134.0,207.0,142.0,21.0,1.0,434.0
59,[TF2] Sub-classes are FUN,2022-09-18,3,2,24,448,15.969,2,11237,2.97,29,2022.0,9.0,18.0,6.0,3.0,0.0,2.0,0.0,1.0,0.0,1.0,2231.0,50.0,245.0,29.0,134.0,207.0,142.0,1.1428571428571428,477.7142857142857
60,Death From Above [A TF2 Frag Movie],2020-10-13,3,1,9,95,2.3919,0,1401,2.43,13,2020.0,10.0,13.0,1.0,2.0,3.0,0.0,2.0,0.0,1.0,0.0,448.0,2231.0,50.0,245.0,29.0,134.0,207.0,1.1428571428571428,461.7142857142857
61,#TF2 #Podcast PainKillers Podcast #1,2018-09-26,3,1,4,70,3.386,1,998,4.11,8,2018.0,9.0,26.0,2.0,0.0,2.0,3.0,0.0,2.0,0.0,1.0,95.0,448.0,2231.0,50.0,245.0,29.0,134.0,1.1428571428571428,452.57142857142856
62,"Mentlegen, I have come to say something.....",2019-05-20,3,0,2,57,0.195,0,866,3.93,5,2019.0,5.0,20.0,0.0,1.0,0.0,2.0,3.0,0.0,2.0,0.0,70.0,95.0,448.0,2231.0,50.0,245.0,29.0,1.1428571428571428,456.57142857142856
63,Facebook Icon MIDI,2017-07-18,3,0,2,60,0.2483,0,345,5.22,5,2017.0,7.0,18.0,1.0,0.0,1.0,0.0,2.0,3.0,0.0,2.0,57.0,70.0,95.0,448.0,2231.0,50.0,245.0,0.8571428571428571,430.14285714285717
64,Quitting Youtube forever,2017-04-01,3,2,3,53,0.4929,0,142,0.7,8,2017.0,4.0,1.0,5.0,0.0,0.0,1.0,0.0,2.0,3.0,0.0,60.0,57.0,70.0,95.0,448.0,2231.0,50.0,0.8571428571428571,430.57142857142856
65,#DumbKingDoughnut 100 subs QnA,2019-08-04,3,0,7,29,0.4866,0,534,3.75,10,2019.0,8.0,4.0,6.0,0.0,0.0,0.0,1.0,0.0,2.0,3.0,53.0,60.0,57.0,70.0,95.0,448.0,2231.0,0.42857142857142855,116.0
66,Hiatus,2017-12-20,3,0,5,45,0.4511,0,347,2.31,8,2017.0,12.0,20.0,2.0,0.0,0.0,0.0,0.0,1.0,0.0,2.0,29.0,53.0,60.0,57.0,70.0,95.0,448.0,0.14285714285714285,58.42857142857143
67,[TF2] - 1000 IQ Moment #shorts #tf2,2023-11-26,3,0,30,1777,8.4221,0,160,4.38,33,2023.0,11.0,26.0,6.0,0.0,0.0,0.0,0.0,0.0,1.0,0.0,45.0,29.0,53.0,60.0,57.0,70.0,95.0,0.14285714285714285,298.7142857142857
68,NO FEAR !,2017-02-11,3,0,2,26,0.1346,0,100,1.0,5,2017.0,2.0,11.0,5.0,0.0,0.0,0.0,0.0,0.0,0.0,1.0,1777.0,45.0,29.0,53.0,60.0,57.0,70.0,0.0,292.42857142857144
69,{TF2} I made this montage while I was drunk,2020-07-14,3,2,9,99,1.9451,0,1065,5.26,14,2020.0,7.0,14.0,1.0,0.0,0.0,0.0,0.0,0.0,0.0,0.0,26.0,1777.0,45.0,29.0,53.0,60.0,57.0,0.0,298.42857142857144
70,[TF2] This is how we do it,2017-12-31,3,0,3,102,1.0214,0,567,3.0,6,2017.0,12.0,31.0,6.0,0.0,0.0,0.0,0.0,0.0,0.0,0.0,99.0,26.0,1777.0,45.0,29.0,53.0,60.0,0.0,304.42857142857144
71,Get Panned { TF2 Montage },2016-09-22,3,1,3,64,2.1772,0,147,4.08,7,2016.0,9.0,22.0,3.0,0.0,0.0,0.0,0.0,0.0,0.0,0.0,102.0,99.0,26.0,1777.0,45.0,29.0,53.0,0.0,306.0
72,#Announcment #SFM,2018-10-10,3,0,6,75,0.4304,0,1321,2.8,9,2018.0,10.0,10.0,2.0,0.0,0.0,0.0,0.0,0.0,0.0,0.0,64.0,102.0,99.0,26.0,1777.0,45.0,29.0,0.0,312.57142857142856
73,Just TF2 moments II,2017-10-16,3,1,4,60,1.4424,0,314,0.96,8,2017.0,10.0,16.0,0.0,0.0,0.0,0.0,0.0,0.0,0.0,0.0,75.0,64.0,102.0,99.0,26.0,1777.0,45.0,0.0,314.7142857142857
74,Look at the video thumbnail,2020-10-23,2,0,3,44,0.8403,0,1149,1.91,5,2020.0,10.0,23.0,4.0,0.0,0.0,0.0,0.0,0.0,0.0,0.0,60.0,75.0,64.0,102.0,99.0,26.0,1777.0,0.0,67.14285714285714
75,THE NEW MINECRAFT // Unturned Part 1,2016-04-13,2,2,9,57,1.9488,2,104,4.81,13,2016.0,4.0,13.0,2.0,0.0,0.0,0.0,0.0,0.0,0.0,0.0,44.0,60.0,75.0,64.0,102.0,99.0,26.0,0.2857142857142857,71.57142857142857
76,{TF2} Too good for this server,2018-01-31,2,0,5,91,2.2065,1,628,7.17,7,2018.0,1.0,31.0,2.0,2.0,0.0,0.0,0.0,0.0,0.0,0.0,57.0,44.0,60.0,75.0,64.0,102.0,99.0,0.42857142857142855,70.42857142857143
77,Why Normies hate Anime (animatic),2020-10-06,2,2,8,169,1.4011,1,3121,2.21,12,2020.0,10.0,6.0,1.0,1.0,2.0,0.0,0.0,0.0,0.0,0.0,91.0,57.0,44.0,60.0,75.0,64.0,102.0,0.5714285714285714,80.0
78,Meet the COCK Soldier,2015-12-11,2,0,7,126,1.2212,1,1067,6.84,9,2015.0,12.0,11.0,4.0,1.0,1.0,2.0,0.0,0.0,0.0,0.0,169.0,91.0,57.0,44.0,60.0,75.0,64.0,0.7142857142857143,88.85714285714286
79,Short Montage of Trickstabs (w/Spy),2016-01-16,2,0,5,46,0.614,0,150,2.0,7,2016.0,1.0,16.0,5.0,1.0,1.0,1.0,2.0,0.0,0.0,0.0,126.0,169.0,91.0,57.0,44.0,60.0,75.0,0.7142857142857143,84.71428571428571
80,#DumbKingDoughnut #TF2 DKD destroys hackers #4,2019-08-08,2,3,12,125,4.8919,2,1393,5.74,17,2019.0,8.0,8.0,3.0,0.0,1.0,1.0,1.0,2.0,0.0,0.0,46.0,126.0,169.0,91.0,57.0,44.0,60.0,1.0,94.0
81,Monotone by DKD,2020-06-21,2,0,3,21,0.2518,0,633,1.58,5,2020.0,6.0,21.0,6.0,2.0,0.0,1.0,1.0,1.0,2.0,0.0,125.0,46.0,126.0,169.0,91.0,57.0,44.0,1.0,90.71428571428571
82,[SFM] He sees you when you're sleeping,2019-08-10,2,1,8,206,0.6644,2,1734,3.98,11,2019.0,8.0,10.0,5.0,0.0,2.0,0.0,1.0,1.0,1.0,2.0,21.0,125.0,46.0,126.0,169.0,91.0,57.0,1.0,112.0
83,{ TF2 } Short soldier montage,2018-02-28,2,0,6,53,0.5305,0,607,1.48,8,2018.0,2.0,28.0,2.0,2.0,0.0,2.0,0.0,1.0,1.0,1.0,206.0,21.0,125.0,46.0,126.0,169.0,91.0,0.8571428571428571,106.57142857142857
84,Beatin' Spookfest by DKD,2017-07-20,2,0,2,33,0.3002,0,201,0.5,4,2017.0,7.0,20.0,3.0,0.0,2.0,0.0,2.0,0.0,1.0,1.0,53.0,206.0,21.0,125.0,46.0,126.0,169.0,0.7142857142857143,87.14285714285714
85,What happens when an idiot plays Fall Guys,2020-09-25,2,1,10,69,2.4398,3,1035,4.06,13,2020.0,9.0,25.0,4.0,0.0,0.0,2.0,0.0,2.0,0.0,1.0,33.0,53.0,206.0,21.0,125.0,46.0,126.0,1.0,79.0
86,TARM -Episode #2 // The Arrival,2018-03-17,2,0,5,43,0.5799,0,594,1.35,7,2018.0,3.0,17.0,5.0,3.0,0.0,0.0,2.0,0.0,2.0,0.0,69.0,33.0,53.0,206.0,21.0,125.0,46.0,1.0,78.57142857142857
87,How to download photoshop Free Full Version ( NO LONGER WORKS ),2016-02-02,2,0,7,665,10.9297,0,1037,4.24,9,2016.0,2.0,2.0,1.0,0.0,3.0,0.0,0.0,2.0,0.0,2.0,43.0,69.0,33.0,53.0,206.0,21.0,125.0,0.7142857142857143,155.71428571428572
88,Funny Montage ( Best moments from 2016 ),2017-02-21,2,1,3,32,1.2085,0,119,0.84,6,2017.0,2.0,21.0,1.0,0.0,0.0,3.0,0.0,0.0,2.0,0.0,665.0,43.0,69.0,33.0,53.0,206.0,21.0,0.7142857142857143,157.28571428571428
89,Abandon Hope,2018-01-18,2,2,2,36,0.2916,0,530,2.26,6,2018.0,1.0,18.0,3.0,0.0,0.0,0.0,3.0,0.0,0.0,2.0,32.0,665.0,43.0,69.0,33.0,53.0,206.0,0.42857142857142855,133.0
90,WAT.......,2017-08-19,2,4,8,171,0.8236,0,289,3.11,14,2017.0,8.0,19.0,5.0,0.0,0.0,0.0,0.0,3.0,0.0,0.0,36.0,32.0,665.0,43.0,69.0,33.0,53.0,0.42857142857142855,149.85714285714286
91,When I try to get an airshot,2017-07-26,2,0,5,42,0.2053,0,191,2.09,7,2017.0,7.0,26.0,2.0,0.0,0.0,0.0,0.0,0.0,3.0,0.0,171.0,36.0,32.0,665.0,43.0,69.0,33.0,0.42857142857142855,151.14285714285714
92,What if every team 10 memeber had a nickname ( OFFENSIVE ),2017-08-05,2,1,6,144,1.9936,0,323,2.48,9,2017.0,8.0,5.0,5.0,0.0,0.0,0.0,0.0,0.0,0.0,3.0,42.0,171.0,36.0,32.0,665.0,43.0,69.0,0.0,161.85714285714286
93,DKD destroys a trash talker #8,2019-09-21,2,1,4,124,5.9948,2,1646,4.68,7,2019.0,9.0,21.0,5.0,0.0,0.0,0.0,0.0,0.0,0.0,0.0,144.0,42.0,171.0,36.0,32.0,665.0,43.0,0.2857142857142857,173.42857142857142
94,{ TF2 } Market gardening but with a whip ( w/Valdus ),2017-07-17,2,1,5,54,1.718,0,298,4.36,8,2017.0,7.0,17.0,0.0,2.0,0.0,0.0,0.0,0.0,0.0,0.0,124.0,144.0,42.0,171.0,36.0,32.0,665.0,0.2857142857142857,86.14285714285714
95,The sky is beautiful today,2018-02-21,2,0,5,48,0.1592,0,709,3.95,7,2018.0,2.0,21.0,2.0,0.0,2.0,0.0,0.0,0.0,0.0,0.0,54.0,124.0,144.0,42.0,171.0,36.0,32.0,0.2857142857142857,88.42857142857143
96,(Green Screen) The Ghost of a Youtuber,2018-02-03,2,7,7,316,2.8398,1,18992,0.93,16,2018.0,2.0,3.0,5.0,0.0,0.0,2.0,0.0,0.0,0.0,0.0,48.0,54.0,124.0,144.0,42.0,171.0,36.0,0.42857142857142855,128.42857142857142
97,[ SFM Short ] Enter the Dark Void,2017-11-01,2,2,5,171,0.811,0,1029,4.76,9,2017.0,11.0,1.0,2.0,1.0,0.0,0.0,2.0,0.0,0.0,0.0,316.0,48.0,54.0,124.0,144.0,42.0,171.0,0.42857142857142855,128.42857142857142
98,[TF2] - When The Pyro Can M2 #shorts #tf2,2023-10-07,2,0,11,600,2.1035,3,197,1.02,13,2023.0,10.0,7.0,5.0,0.0,1.0,0.0,0.0,2.0,0.0,0.0,171.0,316.0,48.0,54.0,124.0,144.0,42.0,0.8571428571428571,208.14285714285714
99,NO MORE!! // Five Nights at Freddy's 4,2016-05-19,2,0,5,27,0.6445,0,105,0.0,7,2016.0,5.0,19.0,3.0,3.0,0.0,1.0,0.0,0.0,2.0,0.0,600.0,171.0,316.0,48.0,54.0,124.0,144.0,0.8571428571428571,191.42857142857142
100,Happy new year,2021-01-01,2,0,4,50,0.0388,0,686,4.37,6,2021.0,1.0,1.0,4.0,0.0,3.0,0.0,1.0,0.0,0.0,2.0,27.0,600.0,171.0,316.0,48.0,54.0,124.0,0.5714285714285714,180.85714285714286
101,Two Idiots Play Minecraft [Part 2],2020-09-07,2,0,4,46,1.1005,0,722,3.19,6,2020.0,9.0,7.0,0.0,0.0,0.0,3.0,0.0,1.0,0.0,0.0,50.0,27.0,600.0,171.0,316.0,48.0,54.0,0.5714285714285714,179.71428571428572
102,{TF2} The unlucky demoman,2016-08-18,2,0,1,19,0.0665,0,170,4.12,3,2016.0,8.0,18.0,3.0,0.0,0.0,0.0,3.0,0.0,1.0,0.0,46.0,50.0,27.0,600.0,171.0,316.0,48.0,0.5714285714285714,175.57142857142858
103,TF2 MEETS ROBOCRAFT - Gear Up #1 ( w/ ValdusEZ ),2016-06-05,1,0,4,40,0.5586,0,207,5.31,5,2016.0,6.0,5.0,6.0,0.0,0.0,0.0,0.0,3.0,0.0,1.0,19.0,46.0,50.0,27.0,600.0,171.0,316.0,0.42857142857142855,136.14285714285714
104,[TF2] - Hard Reads #shorts #tf2,2023-08-24,1,0,16,855,3.4768,2,449,2.0,17,2023.0,8.0,24.0,3.0,0.0,0.0,0.0,0.0,0.0,3.0,0.0,40.0,19.0,46.0,50.0,27.0,600.0,171.0,0.7142857142857143,233.85714285714286
105,Road to Godlike Episode 2,2016-06-30,1,0,3,21,0.3145,0,135,1.48,4,2016.0,6.0,30.0,3.0,2.0,0.0,0.0,0.0,0.0,0.0,3.0,855.0,40.0,19.0,46.0,50.0,27.0,600.0,0.2857142857142857,151.14285714285714
106,What happens when you mix memes with Jake Paul..,2017-06-29,1,0,3,103,0.9841,0,269,2.97,4,2017.0,6.0,29.0,3.0,0.0,2.0,0.0,0.0,0.0,0.0,0.0,21.0,855.0,40.0,19.0,46.0,50.0,27.0,0.2857142857142857,162.0
107,{ TF2 } Airshot clip,2016-12-08,1,0,1,18,0.0531,0,5,0.0,2,2016.0,12.0,8.0,3.0,0.0,0.0,2.0,0.0,0.0,0.0,0.0,103.0,21.0,855.0,40.0,19.0,46.0,50.0,0.2857142857142857,157.42857142857142
108,Just TF2 moments IV,2018-02-19,1,0,4,70,1.2909,1,611,2.78,5,2018.0,2.0,19.0,0.0,0.0,0.0,0.0,2.0,0.0,0.0,0.0,18.0,103.0,21.0,855.0,40.0,19.0,46.0,0.42857142857142855,160.85714285714286
109,[Speed Art] Reviving My First Channel Icon in Aseprite,2020-08-12,1,3,4,29,0.3458,0,960,1.67,8,2020.0,8.0,12.0,2.0,1.0,0.0,0.0,0.0,2.0,0.0,0.0,70.0,18.0,103.0,21.0,855.0,40.0,19.0,0.42857142857142855,162.28571428571428
110,{ TF2 } Lucksman In A Nutshell,2017-04-06,1,2,3,74,1.242,0,285,3.86,6,2017.0,4.0,6.0,3.0,0.0,1.0,0.0,0.0,0.0,2.0,0.0,29.0,70.0,18.0,103.0,21.0,855.0,40.0,0.42857142857142855,167.14285714285714
111,The Sumpter Beasts Had Enough | Genshin Impact #shorts #genshinimpact #funny,2023-06-12,1,1,29,732,1.5078,4,204,2.94,31,2023.0,6.0,12.0,0.0,0.0,0.0,1.0,0.0,0.0,0.0,2.0,74.0,29.0,70.0,18.0,103.0,21.0,855.0,0.7142857142857143,149.57142857142858
112,Youtube Rewind 2017 but every youtuber i hate is a cnt,2018-02-13,1,0,2,97,1.063,0,671,2.38,3,2018.0,2.0,13.0,1.0,4.0,0.0,0.0,1.0,0.0,0.0,0.0,732.0,74.0,29.0,70.0,18.0,103.0,21.0,0.7142857142857143,160.42857142857142
113,#DumbKingDoughnut #NeedforSpeed Just NFS Moments #1,2019-09-06,1,0,5,39,0.6407,0,1340,1.94,6,2019.0,9.0,6.0,4.0,0.0,4.0,0.0,0.0,1.0,0.0,0.0,97.0,732.0,74.0,29.0,70.0,18.0,103.0,0.7142857142857143,151.28571428571428
114,Meet the Sniper But He's in Genshin Impact #tf2 #genshin #shorts #genshinimpact,2024-01-10,1,1,8,155,0.564,0,834,3.72,10,2024.0,1.0,10.0,2.0,0.0,0.0,4.0,0.0,0.0,1.0,0.0,39.0,97.0,732.0,74.0,29.0,70.0,18.0,0.7142857142857143,170.85714285714286
116,We are Working On A Game #shorts #gamedev #indiedev #videogames,2023-08-05,1,0,11,250,1.4043,0,182,2.2,12,2023.0,8.0,5.0,5.0,0.0,0.0,0.0,4.0,0.0,0.0,1.0,155.0,39.0,97.0,732.0,74.0,29.0,70.0,0.5714285714285714,196.57142857142858
118,Meet shakira,2018-08-24,1,1,6,50,0.3707,0,1083,2.12,8,2018.0,8.0,24.0,4.0,0.0,0.0,0.0,0.0,4.0,0.0,0.0,250.0,155.0,39.0,97.0,732.0,74.0,29.0,0.5714285714285714,199.57142857142858
119,[TF2] - Demo Laughs At Sentry And Dies #shorts,2023-06-17,1,1,16,472,1.0267,0,3137,3.19,18,2023.0,6.0,17.0,5.0,0.0,0.0,0.0,0.0,0.0,4.0,0.0,50.0,250.0,155.0,39.0,97.0,732.0,74.0,0.5714285714285714,256.42857142857144
120,DKD and friends play Unturned ( Part 4 ),2016-07-05,1,2,5,50,3.11,0,221,4.07,8,2016.0,7.0,5.0,1.0,0.0,0.0,0.0,0.0,0.0,0.0,4.0,472.0,50.0,250.0,155.0,39.0,97.0,732.0,0.0,159.0
121,Genshin Impact Geo Hypostasis Speedrun,2023-05-18,1,0,3,143,1.5257,0,3658,3.14,4,2023.0,5.0,18.0,3.0,0.0,0.0,0.0,0.0,0.0,0.0,0.0,50.0,472.0,50.0,250.0,155.0,39.0,97.0,0.0,165.57142857142858
122,[TF2] - Never Let Them Know Your Next Move #shorts,2023-05-26,1,0,3,136,3.2909,0,109,0.0,4,2023.0,5.0,26.0,4.0,0.0,0.0,0.0,0.0,0.0,0.0,0.0,143.0,50.0,472.0,50.0,250.0,155.0,39.0,0.0,179.42857142857142
123,Sandman Guillotine Kill { TF2 },2016-03-04,1,0,5,63,0.0861,0,491,5.5,6,2016.0,3.0,4.0,4.0,0.0,0.0,0.0,0.0,0.0,0.0,0.0,136.0,143.0,50.0,472.0,50.0,250.0,155.0,0.0,166.28571428571428
124,HOLD UP !,2017-07-01,1,2,3,31,0.1181,0,148,2.7,6,2017.0,7.0,1.0,5.0,0.0,0.0,0.0,0.0,0.0,0.0,0.0,63.0,136.0,143.0,50.0,472.0,50.0,250.0,0.0,135.0
125,100 winstreak in Genshin Impact TCG #1,2023-04-29,1,3,4,55,1.2233,1,965,3.32,8,2023.0,4.0,29.0,5.0,0.0,0.0,0.0,0.0,0.0,0.0,0.0,31.0,63.0,136.0,143.0,50.0,472.0,50.0,0.14285714285714285,135.71428571428572
126,Just Tf2 moments VI,2018-09-08,1,1,10,194,5.3949,0,688,3.78,12,2018.0,9.0,8.0,5.0,1.0,0.0,0.0,0.0,0.0,0.0,0.0,55.0,31.0,63.0,136.0,143.0,50.0,472.0,0.14285714285714285,96.0
127,[TF2] - Loose Canon + Pan = Happy Noises #shorts,2023-05-24,1,1,4,103,0.3525,0,1234,2.27,6,2023.0,5.0,24.0,2.0,0.0,1.0,0.0,0.0,0.0,0.0,0.0,194.0,55.0,31.0,63.0,136.0,143.0,50.0,0.14285714285714285,103.57142857142857
128,Road to Godlike  Episode 1 ( offline gameplay ),2015-11-27,1,0,5,32,1.4738,0,153,1.96,6,2015.0,11.0,27.0,4.0,0.0,0.0,1.0,0.0,0.0,0.0,0.0,103.0,194.0,55.0,31.0,63.0,136.0,143.0,0.14285714285714285,87.71428571428571
129,[TF2] - Flight Denied #shorts,2023-06-04,1,0,2,11,0.0241,0,105,2.86,3,2023.0,6.0,4.0,6.0,0.0,0.0,0.0,1.0,0.0,0.0,0.0,32.0,103.0,194.0,55.0,31.0,63.0,136.0,0.14285714285714285,69.85714285714286
130,[TF2] - Pan Power #shorts #tf2,2023-08-25,1,0,8,392,1.1855,0,1889,1.48,9,2023.0,8.0,25.0,4.0,0.0,0.0,0.0,0.0,1.0,0.0,0.0,11.0,32.0,103.0,194.0,55.0,31.0,63.0,0.14285714285714285,116.85714285714286
131,DKD VS THE ARMY //  Unturned Part  2,2016-04-22,1,2,11,48,1.7449,0,219,1.37,14,2016.0,4.0,22.0,4.0,0.0,0.0,0.0,0.0,0.0,1.0,0.0,392.0,11.0,32.0,103.0,194.0,55.0,31.0,0.14285714285714285,119.28571428571429
132,[SFM] Bouncing ball animation test,2019-08-07,1,0,5,120,0.1127,0,1410,4.96,6,2019.0,8.0,7.0,2.0,0.0,0.0,0.0,0.0,0.0,0.0,1.0,48.0,392.0,11.0,32.0,103.0,194.0,55.0,0.0,128.57142857142858
133,[TF2] - Meet The Juggler #shorts #tf2,2023-07-31,1,0,4,313,0.8568,1,83,3.61,5,2023.0,7.0,31.0,0.0,0.0,0.0,0.0,0.0,0.0,0.0,0.0,120.0,48.0,392.0,11.0,32.0,103.0,194.0,0.14285714285714285,145.57142857142858
134,donald duck iz a wamen hatr,2017-09-02,1,5,7,279,2.2826,0,1396,2.36,13,2017.0,9.0,2.0,5.0,1.0,0.0,0.0,0.0,0.0,0.0,0.0,313.0,120.0,48.0,392.0,11.0,32.0,103.0,0.14285714285714285,170.71428571428572
136,[TF2] - Quadruple Donks And I'm Still A Failure #shorts,2023-06-16,1,0,25,1662,5.9992,0,179,1.12,26,2023.0,6.0,16.0,4.0,0.0,1.0,0.0,0.0,0.0,0.0,0.0,279.0,313.0,120.0,48.0,392.0,11.0,32.0,0.14285714285714285,403.57142857142856
138,#DumbKingDoughnut #ThankYou Hello World,2018-09-15,1,0,10,139,1.595,1,1164,3.35,11,2018.0,9.0,15.0,5.0,0.0,0.0,1.0,0.0,0.0,0.0,0.0,1662.0,279.0,313.0,120.0,48.0,392.0,11.0,0.2857142857142857,421.85714285714283
139,Someone toucha ma spaget,2018-05-24,1,0,3,69,0.8965,0,592,3.38,4,2018.0,5.0,24.0,3.0,1.0,0.0,0.0,1.0,0.0,0.0,0.0,139.0,1662.0,279.0,313.0,120.0,48.0,392.0,0.2857142857142857,375.7142857142857
140,REVENGE IS SWEET // Random TF2 Loadouts #2,2017-02-04,1,0,1,38,0.9764,0,142,3.52,2,2017.0,2.0,4.0,5.0,0.0,1.0,0.0,0.0,1.0,0.0,0.0,69.0,139.0,1662.0,279.0,313.0,120.0,48.0,0.2857142857142857,374.2857142857143
141,[SFM] ALL MIGHT IS HERE @Animation,2020-06-23,1,8,13,158,0.48,3,1292,7.51,22,2020.0,6.0,23.0,1.0,0.0,0.0,1.0,0.0,0.0,1.0,0.0,38.0,69.0,139.0,1662.0,279.0,313.0,120.0,0.7142857142857143,379.7142857142857
142,TF2 - Sky High [A Demoman Montage],2024-04-25,1,5,6,54,0.5252,1,1907,1.89,12,2024.0,4.0,25.0,3.0,3.0,0.0,0.0,1.0,0.0,0.0,1.0,158.0,38.0,69.0,139.0,1662.0,279.0,313.0,0.7142857142857143,342.7142857142857
144,AN EPIC HORROR GAME // Corpse Party Ch 1 Part 1,2016-05-02,1,0,6,67,1.1523,1,197,2.03,7,2016.0,5.0,2.0,0.0,1.0,3.0,0.0,0.0,1.0,0.0,0.0,54.0,158.0,38.0,69.0,139.0,1662.0,279.0,0.8571428571428571,312.42857142857144
145,2017 Drama in a nutshell,2017-09-11,1,1,2,105,0.5576,0,345,1.45,4,2017.0,9.0,11.0,0.0,1.0,1.0,3.0,0.0,0.0,1.0,0.0,67.0,54.0,158.0,38.0,69.0,139.0,1662.0,0.8571428571428571,90.0
146,{ TF2 } 5 Tips for improving your aim as Sniper,2016-12-04,1,0,6,196,4.783,0,1262,6.42,7,2016.0,12.0,4.0,6.0,0.0,1.0,1.0,3.0,0.0,0.0,1.0,105.0,67.0,54.0,158.0,38.0,69.0,139.0,0.7142857142857143,98.14285714285714
147,That's One Way To Get Rid Of Hilichurls | Genshin Impact #shorts #genshinimpact #funny,2023-07-06,1,1,37,1240,3.7732,5,195,2.05,39,2023.0,7.0,6.0,3.0,0.0,0.0,1.0,1.0,3.0,0.0,0.0,196.0,105.0,67.0,54.0,158.0,38.0,69.0,1.4285714285714286,265.42857142857144
148,Amazing Market Gardening kill (w/Demoman),2015-12-24,1,0,5,60,0.6979,0,112,0.0,6,2015.0,12.0,24.0,3.0,5.0,0.0,0.0,1.0,1.0,3.0,0.0,1240.0,196.0,105.0,67.0,54.0,158.0,38.0,1.4285714285714286,268.57142857142856
149,Vehemoth by DKD,2018-02-06,1,0,4,27,0.218,0,606,2.31,5,2018.0,2.0,6.0,1.0,0.0,5.0,0.0,0.0,1.0,1.0,3.0,60.0,1240.0,196.0,105.0,67.0,54.0,158.0,1.0,249.85714285714286
150,Meet the COCK heavy,2015-12-21,1,0,4,42,0.4845,0,385,3.38,5,2015.0,12.0,21.0,0.0,0.0,0.0,5.0,0.0,0.0,1.0,1.0,27.0,60.0,1240.0,196.0,105.0,67.0,54.0,0.8571428571428571,248.14285714285714
151,{ TF2 } The Dispenser Ritual,2016-12-25,1,0,2,11,0.091,0,173,1.73,3,2016.0,12.0,25.0,6.0,0.0,0.0,0.0,5.0,0.0,0.0,1.0,42.0,27.0,60.0,1240.0,196.0,105.0,67.0,0.7142857142857143,240.14285714285714
152,Classic sniper is classic //  Random TF2 loadouts,2016-10-07,1,0,3,50,0.6722,0,453,3.09,4,2016.0,10.0,7.0,4.0,0.0,0.0,0.0,0.0,5.0,0.0,0.0,11.0,42.0,27.0,60.0,1240.0,196.0,105.0,0.7142857142857143,232.28571428571428
153,[TF2] - Soldier Gets Denied #shorts #tf2,2023-07-03,1,0,16,693,1.7081,1,1920,1.09,17,2023.0,7.0,3.0,0.0,0.0,0.0,0.0,0.0,0.0,5.0,0.0,50.0,11.0,42.0,27.0,60.0,1240.0,196.0,0.8571428571428571,303.2857142857143
154,Where Did He Come From | Genshin Impact #genshinimpact  #shorts #funny,2023-06-11,1,0,42,1440,4.2618,1,169,1.78,43,2023.0,6.0,11.0,6.0,1.0,0.0,0.0,0.0,0.0,0.0,5.0,693.0,50.0,11.0,42.0,27.0,60.0,1240.0,0.2857142857142857,331.85714285714283
155,[TF2] - He Bowlin #shorts #tf2,2023-09-14,1,0,4,95,0.2891,0,61,1.64,5,2023.0,9.0,14.0,3.0,1.0,1.0,0.0,0.0,0.0,0.0,0.0,1440.0,693.0,50.0,11.0,42.0,27.0,60.0,0.2857142857142857,336.85714285714283
156,I'M IN THE ZONE // Hot Throttle Part 1,2016-06-16,1,1,4,26,0.4652,0,174,1.15,6,2016.0,6.0,16.0,3.0,0.0,1.0,1.0,0.0,0.0,0.0,0.0,95.0,1440.0,693.0,50.0,11.0,42.0,27.0,0.2857142857142857,336.7142857142857
157,The Adventures of the Rocket Man {Trailer},2017-08-27,1,2,8,87,1.3001,0,541,0.74,11,2017.0,8.0,27.0,6.0,0.0,0.0,1.0,1.0,0.0,0.0,0.0,26.0,95.0,1440.0,693.0,50.0,11.0,42.0,0.2857142857142857,343.14285714285717
158,Just #tf2 Moments VIII,2023-06-11,1,0,0,60,1.0186,0,1776,2.25,1,2023.0,6.0,11.0,6.0,0.0,0.0,0.0,1.0,1.0,0.0,0.0,87.0,26.0,95.0,1440.0,693.0,50.0,11.0,0.2857142857142857,350.14285714285717
159,My army of wolves in Minecraft,2019-09-14,1,0,5,34,0.1363,0,835,2.63,6,2019.0,9.0,14.0,5.0,0.0,0.0,0.0,0.0,1.0,1.0,0.0,60.0,87.0,26.0,95.0,1440.0,693.0,50.0,0.2857142857142857,347.85714285714283
160,Just TF2 moments VII,2021-09-20,1,4,9,86,2.943,1,1041,4.51,14,2021.0,9.0,20.0,0.0,0.0,0.0,0.0,0.0,0.0,1.0,1.0,34.0,60.0,87.0,26.0,95.0,1440.0,693.0,0.2857142857142857,261.14285714285717
161,Meet the Demoman But He's in Genshin Impact,2023-12-23,1,3,30,619,7.0575,0,11306,4.61,34,2023.0,12.0,23.0,5.0,1.0,0.0,0.0,0.0,0.0,0.0,1.0,86.0,34.0,60.0,87.0,26.0,95.0,1440.0,0.14285714285714285,143.85714285714286
163,{ TF2 } My best sniper clips,2016-12-17,1,0,3,31,0.8574,0,178,2.25,4,2016.0,12.0,17.0,5.0,0.0,1.0,0.0,0.0,0.0,0.0,0.0,619.0,86.0,34.0,60.0,87.0,26.0,95.0,0.14285714285714285,134.71428571428572
165,Two Idiots Play Minecraft [Part 1],2020-08-05,0,1,5,40,1.0755,1,741,3.51,6,2020.0,8.0,5.0,2.0,0.0,0.0,1.0,0.0,0.0,0.0,0.0,31.0,619.0,86.0,34.0,60.0,87.0,26.0,0.0,136.71428571428572
166,[TF2] - Get Down Mr President #shorts,2023-06-07,0,1,9,470,1.6005,1,671,4.32,10,2023.0,6.0,7.0,2.0,-1.0,0.0,0.0,1.0,0.0,0.0,0.0,40.0,31.0,619.0,86.0,34.0,60.0,87.0,0.14285714285714285,191.42857142857142
168,Sniper loses his mind,2015-11-21,0,1,4,53,0.1365,0,143,4.9,5,2015.0,11.0,21.0,5.0,1.0,-1.0,0.0,0.0,1.0,0.0,0.0,470.0,40.0,31.0,619.0,86.0,34.0,60.0,0.14285714285714285,190.42857142857142
169,{ TF2 Crafting Cermony } H.H.H.H,2016-11-03,0,1,5,157,0.8962,2,913,8.87,6,2016.0,11.0,3.0,3.0,0.0,1.0,-1.0,0.0,0.0,1.0,0.0,53.0,470.0,40.0,31.0,619.0,86.0,34.0,0.42857142857142855,208.0
170,PERVERT MORSHIGE // Corpse Party Ch.3 Part 2,2016-09-03,0,0,1,12,0.7297,0,172,3.49,1,2016.0,9.0,3.0,5.0,2.0,0.0,1.0,-1.0,0.0,0.0,1.0,157.0,53.0,470.0,40.0,31.0,619.0,86.0,0.2857142857142857,197.42857142857142
171,{ TF2 } DKD and Valdus VS Saxton Hale,2017-07-05,0,0,3,31,1.045,0,324,1.54,3,2017.0,7.0,5.0,2.0,0.0,2.0,0.0,1.0,-1.0,0.0,0.0,12.0,157.0,53.0,470.0,40.0,31.0,619.0,0.2857142857142857,113.42857142857143
172,[SFM] Sad Scout Animation Test,2019-08-08,0,0,6,110,0.1081,0,1377,4.21,6,2019.0,8.0,8.0,3.0,0.0,0.0,2.0,0.0,1.0,-1.0,0.0,31.0,12.0,157.0,53.0,470.0,40.0,31.0,0.2857142857142857,124.71428571428571
174,[TF2] - Flying Demoman #shorts,2023-05-24,0,0,14,1327,4.0286,0,815,1.35,14,2023.0,5.0,24.0,2.0,0.0,0.0,0.0,2.0,0.0,1.0,-1.0,110.0,31.0,12.0,157.0,53.0,470.0,40.0,0.42857142857142855,308.57142857142856
175,Let's break some rules,2016-09-05,0,1,8,58,0.8807,0,414,2.17,9,2016.0,9.0,5.0,0.0,0.0,0.0,0.0,0.0,2.0,0.0,1.0,1327.0,110.0,31.0,12.0,157.0,53.0,470.0,0.2857142857142857,249.71428571428572
176,Goofy Ahh Impact #shorts #genshinimpact #genshinmemes #genshinimpactedit,2024-03-04,0,0,2,4,0.0199,0,21,4.76,2,2024.0,3.0,4.0,0.0,0.0,0.0,0.0,0.0,0.0,2.0,0.0,58.0,1327.0,110.0,31.0,12.0,157.0,53.0,0.2857142857142857,242.71428571428572
177,Francesco burtalini #shorts #genshin #GenshinImpact #genshinimpact #memes  #gaming,2023-12-22,0,3,31,2497,5.6992,3,345,3.48,34,2023.0,12.0,22.0,4.0,0.0,0.0,0.0,0.0,0.0,0.0,2.0,4.0,58.0,1327.0,110.0,31.0,12.0,157.0,0.42857142857142855,577.0
178,#TF2 #DumbKingDoughnut FASTER THAN LIGHT BUT I NEED GAS,2020-07-31,0,2,3,43,1.5477,0,715,3.08,5,2020.0,7.0,31.0,4.0,3.0,0.0,0.0,0.0,0.0,0.0,0.0,2497.0,4.0,58.0,1327.0,110.0,31.0,12.0,0.42857142857142855,581.4285714285714
179,WHO WILL DIE NEXT // Corpse Party CH.2 Part 2 ( End ),2016-08-17,0,0,2,15,0.1076,0,97,2.06,2,2016.0,8.0,17.0,2.0,0.0,3.0,0.0,0.0,0.0,0.0,0.0,43.0,2497.0,4.0,58.0,1327.0,110.0,31.0,0.42857142857142855,579.1428571428571
180,[TF2] - Another DoubleDonk Airshot #shorts #tf2,2023-08-04,0,0,6,710,2.1453,0,281,2.49,6,2023.0,8.0,4.0,4.0,0.0,0.0,3.0,0.0,0.0,0.0,0.0,15.0,43.0,2497.0,4.0,58.0,1327.0,110.0,0.42857142857142855,664.8571428571429
181,The AWPer Hand ( Live commentary ),2015-11-20,0,0,4,45,1.2246,0,368,4.89,4,2015.0,11.0,20.0,4.0,0.0,0.0,0.0,3.0,0.0,0.0,0.0,710.0,15.0,43.0,2497.0,4.0,58.0,1327.0,0.42857142857142855,481.7142857142857
182,Trying to complete the medic contract ( Team Fortress 2 Gameplay ),2015-11-11,0,0,5,20,0.4053,0,126,0.79,5,2015.0,11.0,11.0,2.0,0.0,0.0,0.0,0.0,3.0,0.0,0.0,45.0,710.0,15.0,43.0,2497.0,4.0,58.0,0.42857142857142855,476.2857142857143
184,Lumine Gets Sent To The Backrooms | Genshin Impact #shorts #genshinimpact #funny,2023-06-13,0,0,11,295,0.7242,0,690,5.36,11,2023.0,6.0,13.0,1.0,0.0,0.0,0.0,0.0,0.0,3.0,0.0,20.0,45.0,710.0,15.0,43.0,2497.0,4.0,0.42857142857142855,517.8571428571429
185,Bro Wants To Start A Fight | Genshin Impact #shorts #genshinimpact #funny,2023-07-07,0,0,39,1518,5.137,5,88,2.27,39,2023.0,7.0,7.0,4.0,0.0,0.0,0.0,0.0,0.0,0.0,3.0,295.0,20.0,45.0,710.0,15.0,43.0,2497.0,0.7142857142857143,378.0
187,#history #palestine #memes #shorts #israel,2024-03-13,0,1,5,475,1.2491,1,61,4.92,6,2024.0,3.0,13.0,2.0,5.0,0.0,0.0,0.0,0.0,0.0,0.0,1518.0,295.0,20.0,45.0,710.0,15.0,43.0,0.8571428571428571,439.7142857142857
188,[SFM] Scout Animation Test,2020-09-16,0,1,4,62,0.0688,1,942,3.61,5,2020.0,9.0,16.0,2.0,1.0,5.0,0.0,0.0,0.0,0.0,0.0,475.0,1518.0,295.0,20.0,45.0,710.0,15.0,1.0,446.42857142857144
189,When you see a thin boi in the streets,2020-08-31,0,4,7,56,0.0961,0,722,4.29,11,2020.0,8.0,31.0,0.0,1.0,1.0,5.0,0.0,0.0,0.0,0.0,62.0,475.0,1518.0,295.0,20.0,45.0,710.0,1.0,353.0
191,SO MUCH SUICIDE - Gear Up #2 ( w/ ValdusEZ ),2016-06-27,0,0,3,12,0.3024,0,106,2.83,3,2016.0,6.0,27.0,0.0,0.0,1.0,1.0,5.0,0.0,0.0,0.0,56.0,62.0,475.0,1518.0,295.0,20.0,45.0,1.0,348.2857142857143
192,NEW CHARACTERS ARRIVE // Corpse Party Ch.3 Part 3 ( End ),2016-09-14,0,0,2,9,0.0609,0,137,0.0,2,2016.0,9.0,14.0,2.0,0.0,0.0,1.0,1.0,5.0,0.0,0.0,12.0,56.0,62.0,475.0,1518.0,295.0,20.0,1.0,346.7142857142857
193,"[TF2] - Demo Pans 3 People, Chuckles And Then D1es #shorts #tf2",2023-08-07,0,0,23,1015,3.3126,2,200,2.0,23,2023.0,8.0,7.0,0.0,0.0,0.0,0.0,1.0,1.0,5.0,0.0,9.0,12.0,56.0,62.0,475.0,1518.0,295.0,1.2857142857142858,449.57142857142856
194,[TF2] - Two For One #shorts #tf2,2023-06-17,0,0,1,10,0.0464,0,190,2.11,1,2023.0,6.0,17.0,5.0,2.0,0.0,0.0,0.0,1.0,1.0,5.0,1015.0,9.0,12.0,56.0,62.0,475.0,1518.0,0.5714285714285714,234.14285714285714
195,What Disney thinks of Jake Paul,2017-08-31,0,0,4,149,0.6591,0,618,1.94,4,2017.0,8.0,31.0,3.0,0.0,2.0,0.0,0.0,0.0,1.0,1.0,10.0,1015.0,9.0,12.0,56.0,62.0,475.0,0.42857142857142855,187.57142857142858
197,Tf2 - How to annoy someone,2015-12-06,0,0,4,61,0.8325,1,268,8.21,4,2015.0,12.0,6.0,6.0,0.0,0.0,2.0,0.0,0.0,0.0,1.0,149.0,10.0,1015.0,9.0,12.0,56.0,62.0,0.42857142857142855,187.42857142857142
200,TWERKING ZOMBIES // Unturned Part 3,2016-05-08,0,0,5,31,0.9652,0,256,0.0,5,2016.0,5.0,8.0,6.0,1.0,0.0,0.0,2.0,0.0,0.0,0.0,61.0,149.0,10.0,1015.0,9.0,12.0,56.0,0.42857142857142855,183.85714285714286
201,How to die like a fool,2016-03-19,0,0,2,36,0.0583,0,343,1.75,2,2016.0,3.0,19.0,5.0,0.0,1.0,0.0,0.0,2.0,0.0,0.0,31.0,61.0,149.0,10.0,1015.0,9.0,12.0,0.42857142857142855,187.28571428571428
202,THIS HAS ESCALATED QUICKLY // Corpse Party Ch.4 Part 1,2016-10-23,0,0,2,19,0.3085,0,124,1.61,2,2016.0,10.0,23.0,6.0,0.0,0.0,1.0,0.0,0.0,2.0,0.0,36.0,31.0,61.0,149.0,10.0,1015.0,9.0,0.42857142857142855,188.71428571428572
203,NAOMI YOU BITCH!!  // Corpse Party Ch. 1 Part 2 ( End ),2016-06-22,0,0,2,19,0.0877,0,143,1.4,2,2016.0,6.0,22.0,2.0,0.0,0.0,0.0,1.0,0.0,0.0,2.0,19.0,36.0,31.0,61.0,149.0,10.0,1015.0,0.14285714285714285,46.42857142857143
204,Why was I away for a long time.........,2017-05-19,0,1,5,57,0.6448,0,129,3.1,6,2017.0,5.0,19.0,4.0,0.0,0.0,0.0,0.0,1.0,0.0,0.0,19.0,19.0,36.0,31.0,61.0,149.0,10.0,0.14285714285714285,53.142857142857146
205,"Wrong Place, Wrong Time",2016-07-03,0,0,4,16,0.0699,0,144,0.69,4,2016.0,7.0,3.0,6.0,0.0,0.0,0.0,0.0,0.0,1.0,0.0,57.0,19.0,19.0,36.0,31.0,61.0,149.0,0.14285714285714285,34.142857142857146
206,Just a bit yang #shorts #fyp #foryou,2022-09-26,0,1,4,363,1.0844,2,178,5.06,5,2022.0,9.0,26.0,0.0,0.0,0.0,0.0,0.0,0.0,0.0,1.0,16.0,57.0,19.0,19.0,36.0,31.0,61.0,0.2857142857142857,77.28571428571429
207,[TF2] - Never Run In A Straight Line #shorts #tf2,2023-05-23,0,0,16,1002,3.5845,2,487,1.85,16,2023.0,5.0,23.0,1.0,2.0,0.0,0.0,0.0,0.0,0.0,0.0,363.0,16.0,57.0,19.0,19.0,36.0,31.0,0.5714285714285714,216.0
208,I challenged myself to win 100 times | Genshin Impact TCG #shorts #genshinimpact #genshin,2022-12-21,0,3,7,98,0.6976,0,558,1.61,10,2022.0,12.0,21.0,2.0,2.0,2.0,0.0,0.0,0.0,0.0,0.0,1002.0,363.0,16.0,57.0,19.0,19.0,36.0,0.5714285714285714,224.85714285714286
210,I Can't Believe Ayaka Said This in Genshin Impact #shorts #genshinimpact #funny #meme,2023-05-27,0,1,11,181,0.7641,0,218,2.75,12,2023.0,5.0,27.0,5.0,0.0,2.0,2.0,0.0,0.0,0.0,0.0,98.0,1002.0,363.0,16.0,57.0,19.0,19.0,0.5714285714285714,248.0
211,EPIC MARKET GARDENING,2016-02-18,0,0,5,35,0.3999,0,201,0.5,5,2016.0,2.0,18.0,3.0,0.0,0.0,2.0,2.0,0.0,0.0,0.0,181.0,98.0,1002.0,363.0,16.0,57.0,19.0,0.5714285714285714,250.28571428571428
212,Undertale Part 1,2017-03-19,0,0,1,7,0.0782,0,110,0.0,1,2017.0,3.0,19.0,6.0,0.0,0.0,0.0,2.0,2.0,0.0,0.0,35.0,181.0,98.0,1002.0,363.0,16.0,57.0,0.5714285714285714,243.14285714285714
213,Channel Trailer,2016-06-12,0,0,5,50,0.3969,0,94,0.0,5,2016.0,6.0,12.0,6.0,0.0,0.0,0.0,0.0,2.0,2.0,0.0,7.0,35.0,181.0,98.0,1002.0,363.0,16.0,0.5714285714285714,248.0
214,[TF2] - Meet The Canon Jumper #shorts #tf2,2023-07-08,0,1,18,1170,3.9539,1,188,3.72,19,2023.0,7.0,8.0,5.0,0.0,0.0,0.0,0.0,0.0,2.0,2.0,50.0,7.0,35.0,181.0,98.0,1002.0,363.0,0.42857142857142855,363.2857142857143
216,Taunt kill camp ( Sort of .......),2016-01-01,0,0,3,30,0.4588,0,109,0.92,3,2016.0,1.0,1.0,4.0,1.0,0.0,0.0,0.0,0.0,0.0,2.0,1170.0,50.0,7.0,35.0,181.0,98.0,1002.0,0.14285714285714285,224.42857142857142
217,{ TF2 } Hale servers are awesome,2016-11-19,0,0,1,23,0.9327,0,148,3.38,1,2016.0,11.0,19.0,5.0,0.0,1.0,0.0,0.0,0.0,0.0,0.0,30.0,1170.0,50.0,7.0,35.0,181.0,98.0,0.14285714285714285,213.71428571428572
218,[TF2] - Pyro Can Pipe Jump #shorts,2023-05-21,0,0,29,1329,5.0558,0,1114,1.17,29,2023.0,5.0,21.0,6.0,0.0,0.0,1.0,0.0,0.0,0.0,0.0,23.0,30.0,1170.0,50.0,7.0,35.0,181.0,0.14285714285714285,377.7142857142857
219,demoman montage,2024-04-25,0,0,1,6,0.0183,0,85,2.35,1,2024.0,4.0,25.0,3.0,0.0,0.0,0.0,1.0,0.0,0.0,0.0,1329.0,23.0,30.0,1170.0,50.0,7.0,35.0,0.14285714285714285,373.57142857142856
220,{ Tf2 } Sniper Montage #3,2017-01-20,0,0,3,43,1.2204,0,161,1.24,3,2017.0,1.0,20.0,4.0,0.0,0.0,0.0,0.0,1.0,0.0,0.0,6.0,1329.0,23.0,30.0,1170.0,50.0,7.0,0.14285714285714285,378.7142857142857
221,The most useless websites,2016-07-06,0,0,5,21,0.7615,0,229,2.18,5,2016.0,7.0,6.0,2.0,0.0,0.0,0.0,0.0,0.0,1.0,0.0,43.0,6.0,1329.0,23.0,30.0,1170.0,50.0,0.14285714285714285,374.57142857142856
223,{TF2} How to be a guardian angel,2016-06-20,0,0,3,20,0.1139,0,17,0.0,3,2016.0,6.0,20.0,0.0,0.0,0.0,0.0,0.0,0.0,0.0,1.0,21.0,43.0,6.0,1329.0,23.0,30.0,1170.0,0.0,210.28571428571428
224,2010,2016-10-06,0,0,3,16,0.0153,0,91,1.1,3,2016.0,10.0,6.0,3.0,0.0,0.0,0.0,0.0,0.0,0.0,0.0,20.0,21.0,43.0,6.0,1329.0,23.0,30.0,0.0,208.28571428571428
225,I don't have time. I wanna get back home,2017-09-07,0,0,0,10,0.0207,0,10,10.0,0,2017.0,9.0,7.0,3.0,0.0,0.0,0.0,0.0,0.0,0.0,0.0,16.0,20.0,21.0,43.0,6.0,1329.0,23.0,0.0,206.42857142857142
226,I Let My Intrusive Thoughts Win #shorts #genshinimpact #navia,2024-02-03,0,0,3,74,0.2303,1,73,4.11,3,2024.0,2.0,3.0,5.0,0.0,0.0,0.0,0.0,0.0,0.0,0.0,10.0,16.0,20.0,21.0,43.0,6.0,1329.0,0.14285714285714285,27.142857142857142
227,{TF2} How to kill the enemy twice,2016-08-22,0,0,3,19,0.0763,0,136,0.74,3,2016.0,8.0,22.0,0.0,1.0,0.0,0.0,0.0,0.0,0.0,0.0,74.0,10.0,16.0,20.0,21.0,43.0,6.0,0.14285714285714285,29.0
228,Lemme hear ya say aaaaaa #shorts #foryou #fyp,2022-09-23,0,1,67,2392,5.8534,7,1245,3.29,68,2022.0,9.0,23.0,4.0,0.0,1.0,0.0,0.0,0.0,0.0,0.0,19.0,74.0,10.0,16.0,20.0,21.0,43.0,1.1428571428571428,364.57142857142856
229,{TF2} The SCREEMOBAND,2016-10-14,0,0,2,13,0.1013,0,133,0.0,2,2016.0,10.0,14.0,4.0,7.0,0.0,1.0,0.0,0.0,0.0,0.0,2392.0,19.0,74.0,10.0,16.0,20.0,21.0,1.1428571428571428,363.42857142857144
230,Eminem feels like he's-,2022-06-19,0,0,4,37,0.0946,0,374,4.55,4,2022.0,6.0,19.0,6.0,0.0,7.0,0.0,1.0,0.0,0.0,0.0,13.0,2392.0,19.0,74.0,10.0,16.0,20.0,1.1428571428571428,365.85714285714283
231,KAWAII YUKA-CHAN // Corpse Party Ch.3 Part 1,2016-08-28,0,0,3,25,0.4269,0,646,0.46,3,2016.0,8.0,28.0,6.0,0.0,0.0,7.0,0.0,1.0,0.0,0.0,37.0,13.0,2392.0,19.0,74.0,10.0,16.0,1.1428571428571428,367.14285714285717
232,I caught a spy !,2016-02-09,0,0,4,23,0.0909,0,105,0.95,4,2016.0,2.0,9.0,1.0,0.0,0.0,0.0,7.0,0.0,1.0,0.0,25.0,37.0,13.0,2392.0,19.0,74.0,10.0,1.1428571428571428,369.0
233,Kokomi Handholding Is Yabai | Genshin Impact #shorts #genshinimpact #funny,2023-07-10,0,1,6,222,0.7055,0,482,3.11,7,2023.0,7.0,10.0,0.0,0.0,0.0,0.0,0.0,7.0,0.0,1.0,23.0,25.0,37.0,13.0,2392.0,19.0,74.0,1.0,390.14285714285717
234,How to defend the intelligence [ sort of......],2016-02-15,0,0,5,32,0.1009,0,217,0.46,5,2016.0,2.0,15.0,0.0,0.0,0.0,0.0,0.0,0.0,7.0,0.0,222.0,23.0,25.0,37.0,13.0,2392.0,19.0,1.0,392.0
235,Announcement: Going away for a while,2016-07-08,0,0,3,20,0.4174,0,131,0.0,3,2016.0,7.0,8.0,4.0,0.0,0.0,0.0,0.0,0.0,0.0,7.0,32.0,222.0,23.0,25.0,37.0,13.0,2392.0,0.0,53.142857142857146
236,TARM- Episode #1 // Verchandise's homecoming ( 50 sub special ),2017-09-07,0,0,4,116,1.4871,0,356,1.12,4,2017.0,9.0,7.0,3.0,0.0,0.0,0.0,0.0,0.0,0.0,0.0,20.0,32.0,222.0,23.0,25.0,37.0,13.0,0.0,67.85714285714286
237,[TF2] - Double Donk Airshot #shorts #tf2,2023-07-04,0,0,9,242,0.7002,0,318,3.14,9,2023.0,7.0,4.0,1.0,0.0,0.0,0.0,0.0,0.0,0.0,0.0,116.0,20.0,32.0,222.0,23.0,25.0,37.0,0.0,97.14285714285714
238,[TF2] - How To Wombo Combo #shorts #tf2,2023-06-11,0,0,2,131,0.441,0,285,2.46,2,2023.0,6.0,11.0,6.0,0.0,0.0,0.0,0.0,0.0,0.0,0.0,242.0,116.0,20.0,32.0,222.0,23.0,25.0,0.0,112.28571428571429
240,2017,2016-10-13,0,0,3,11,0.0253,0,92,0.0,3,2016.0,10.0,13.0,3.0,0.0,0.0,0.0,0.0,0.0,0.0,0.0,131.0,242.0,116.0,20.0,32.0,222.0,23.0,0.0,110.57142857142857
241,100 winstreak in Genshin Impact #shorts #genshinimpact,2023-04-30,0,0,6,469,1.5982,0,119,3.36,6,2023.0,4.0,30.0,6.0,0.0,0.0,0.0,0.0,0.0,0.0,0.0,11.0,131.0,242.0,116.0,20.0,32.0,222.0,0.0,145.85714285714286
242,21,2016-09-03,0,0,3,33,0.0609,0,93,1.08,3,2016.0,9.0,3.0,5.0,0.0,0.0,0.0,0.0,0.0,0.0,0.0,469.0,11.0,131.0,242.0,116.0,20.0,32.0,0.0,146.0
243,Vermilion by DKD,2017-08-22,0,0,5,50,0.7147,0,249,2.81,5,2017.0,8.0,22.0,1.0,0.0,0.0,0.0,0.0,0.0,0.0,0.0,33.0,469.0,11.0,131.0,242.0,116.0,20.0,0.0,150.28571428571428
244,When a New Banner Comes Out | Genshin Impact #shorts #genshinimpact #funny #meme,2023-05-25,0,1,38,1248,3.7816,0,161,2.48,39,2023.0,5.0,25.0,3.0,0.0,0.0,0.0,0.0,0.0,0.0,0.0,50.0,33.0,469.0,11.0,131.0,242.0,116.0,0.0,312.0
245,When the Internet is down,2016-09-05,0,0,4,26,0.0595,0,115,0.87,4,2016.0,9.0,5.0,0.0,0.0,0.0,0.0,0.0,0.0,0.0,0.0,1248.0,50.0,33.0,469.0,11.0,131.0,242.0,0.0,281.14285714285717
246,[TF2] - I'm Glad This Exploit Still Exists #shorts,2023-05-22,0,0,1,47,0.1522,0,785,3.06,1,2023.0,5.0,22.0,0.0,0.0,0.0,0.0,0.0,0.0,0.0,0.0,26.0,1248.0,50.0,33.0,469.0,11.0,131.0,0.0,269.14285714285717
247,Need your decision at something,2020-07-06,0,1,2,35,0.1621,0,540,4.07,3,2020.0,7.0,6.0,0.0,0.0,0.0,0.0,0.0,0.0,0.0,0.0,47.0,26.0,1248.0,50.0,33.0,469.0,11.0,0.0,272.57142857142856
248,I Am Doing TF2 SFM Commissions #shorts #tf2 #sfm,2023-08-26,0,0,6,163,0.4639,1,518,1.54,6,2023.0,8.0,26.0,5.0,0.0,0.0,0.0,0.0,0.0,0.0,0.0,35.0,47.0,26.0,1248.0,50.0,33.0,469.0,0.14285714285714285,228.85714285714286
249,DKD plays Rocket League ( w/ Sbbmckean Gaming ),2017-06-27,0,3,3,34,0.8401,0,385,1.04,6,2017.0,6.0,27.0,1.0,1.0,0.0,0.0,0.0,0.0,0.0,0.0,163.0,35.0,47.0,26.0,1248.0,50.0,33.0,0.14285714285714285,229.0
250,FULFILLING MY DREAMS // Hot Throttle Part 2,2016-06-20,0,0,2,11,0.1684,0,181,1.66,2,2016.0,6.0,20.0,0.0,0.0,1.0,0.0,0.0,0.0,0.0,0.0,34.0,163.0,35.0,47.0,26.0,1248.0,50.0,0.14285714285714285,223.42857142857142
251,{TF2} Helltower Halloween contract,2016-11-01,0,0,2,48,0.9797,0,491,4.89,2,2016.0,11.0,1.0,1.0,0.0,0.0,1.0,0.0,0.0,0.0,0.0,11.0,34.0,163.0,35.0,47.0,26.0,1248.0,0.14285714285714285,52.0
252,THAT STUPID GHOST // Corpse Party Ch.2 Part 1,2016-07-03,0,0,2,13,0.6329,0,154,1.3,2,2016.0,7.0,3.0,6.0,0.0,0.0,0.0,1.0,0.0,0.0,0.0,48.0,11.0,34.0,163.0,35.0,47.0,26.0,0.14285714285714285,50.142857142857146
253,{ Tf2 } Close call,2016-08-20,0,0,2,16,0.0564,0,26,3.85,2,2016.0,8.0,20.0,5.0,0.0,0.0,0.0,0.0,1.0,0.0,0.0,13.0,48.0,11.0,34.0,163.0,35.0,47.0,0.14285714285714285,45.714285714285715
255,I Main Navia Now #shorts #genshinimpact #navia,2024-02-03,0,0,8,321,1.863,0,178,3.93,8,2024.0,2.0,3.0,5.0,0.0,0.0,0.0,0.0,0.0,1.0,0.0,16.0,13.0,48.0,11.0,34.0,163.0,35.0,0.14285714285714285,86.57142857142857
